{
  "grey": {
    "50": {
      "value": "#fafafa",
      "type": "color"
    },
    "100": {
      "value": "#f5f5f5",
      "type": "color"
    },
    "200": {
      "value": "#eeeeee",
      "type": "color"
    },
    "300": {
      "value": "#e0e0e0",
      "type": "color"
    },
    "400": {
      "value": "#bdbdbd",
      "type": "color"
    },
    "500": {
      "value": "#9e9e9e",
      "type": "color"
    },
    "600": {
      "value": "#757575",
      "type": "color"
    },
    "700": {
      "value": "#616161",
      "type": "color"
    },
    "800": {
      "value": "#424242",
      "type": "color"
    },
    "900": {
      "value": "#212121",
      "type": "color"
    },
    "A100": {
      "value": "#d5d5d5",
      "type": "color"
    },
    "A200": {
      "value": "#aaaaaa",
      "type": "color"
    },
    "A400": {
      "value": "#616161",
      "type": "color"
    },
    "A700": {
      "value": "#303030",
      "type": "color"
    }
  },
  "indigo": {
    "50": {
      "value": "#e8eaf6",
      "type": "color"
    },
    "100": {
      "value": "#c5cae9",
      "type": "color"
    },
    "200": {
      "value": "#9fa8da",
      "type": "color"
    },
    "300": {
      "value": "#7986cb",
      "type": "color"
    },
    "400": {
      "value": "#5c6bc0",
      "type": "color"
    },
    "500": {
      "value": "#3f51b5",
      "type": "color"
    },
    "600": {
      "value": "#3949ab",
      "type": "color"
    },
    "700": {
      "value": "#303f9f",
      "type": "color"
    },
    "800": {
      "value": "#283593",
      "type": "color"
    },
    "900": {
      "value": "#1a237e",
      "type": "color"
    },
    "A100": {
      "value": "#8c9eff",
      "type": "color"
    },
    "A200": {
      "value": "#536dfe",
      "type": "color"
    },
    "A400": {
      "value": "#3d5afe",
      "type": "color"
    },
    "A700": {
      "value": "#304ffe",
      "type": "color"
    }
  },
  "deepPurple": {
    "50": {
      "value": "#ede7f6",
      "type": "color"
    },
    "100": {
      "value": "#d1c4e9",
      "type": "color"
    },
    "200": {
      "value": "#b39ddb",
      "type": "color"
    },
    "300": {
      "value": "#9575cd",
      "type": "color"
    },
    "400": {
      "value": "#7e57c2",
      "type": "color"
    },
    "500": {
      "value": "#673ab7",
      "type": "color"
    },
    "600": {
      "value": "#5e35b1",
      "type": "color"
    },
    "700": {
      "value": "#512da8",
      "type": "color"
    },
    "800": {
      "value": "#4527a0",
      "type": "color"
    },
    "900": {
      "value": "#311b92",
      "type": "color"
    },
    "A100": {
      "value": "#b388ff",
      "type": "color"
    },
    "A200": {
      "value": "#7c4dff",
      "type": "color"
    },
    "A400": {
      "value": "#651fff",
      "type": "color"
    },
    "A700": {
      "value": "#6200ea",
      "type": "color"
    }
  },
  "amber": {
    "50": {
      "value": "#fff8e1",
      "type": "color"
    },
    "300": {
      "value": "#ffd54f",
      "type": "color"
    },
    "400": {
      "value": "#ffca28",
      "type": "color"
    },
    "500": {
      "value": "#ffc107",
      "type": "color"
    },
    "600": {
      "value": "#ffb300",
      "type": "color"
    },
    "700": {
      "value": "#ffa000",
      "type": "color"
    },
    "800": {
      "value": "#ff8f00",
      "type": "color"
    },
    "900": {
      "value": "#ff6f00",
      "type": "color"
    },
    "A100": {
      "value": "#ffe57f",
      "type": "color"
    },
    "A200": {
      "value": "#ffd740",
      "type": "color"
    },
    "A400": {
      "value": "#ffc400",
      "type": "color"
    },
    "A700": {
      "value": "#ffab00",
      "type": "color"
    }
  },
  "orange": {
    "50": {
      "value": "#fff3e0",
      "type": "color"
    },
    "100": {
      "value": "#ffe0b2",
      "type": "color"
    },
    "200": {
      "value": "#ffcc80",
      "type": "color"
    },
    "300": {
      "value": "#ffb74d",
      "type": "color"
    },
    "400": {
      "value": "#ffa726",
      "type": "color"
    },
    "500": {
      "value": "#ff9800",
      "type": "color"
    },
    "600": {
      "value": "#fb8c00",
      "type": "color"
    },
    "700": {
      "value": "#f57c00",
      "type": "color"
    },
    "800": {
      "value": "#ef6c00",
      "type": "color"
    },
    "900": {
      "value": "#e65100",
      "type": "color"
    },
    "A100": {
      "value": "#ffd180",
      "type": "color"
    },
    "A200": {
      "value": "#ffab40",
      "type": "color"
    },
    "A400": {
      "value": "#ff9100",
      "type": "color"
    },
    "A700": {
      "value": "#ff6d00",
      "type": "color"
    }
  },
  "pink": {
    "50": {
      "value": "#fce4ec",
      "type": "color"
    },
    "100": {
      "value": "#f8bbd0",
      "type": "color"
    },
    "200": {
      "value": "#f48fb1",
      "type": "color"
    },
    "300": {
      "value": "#f06292",
      "type": "color"
    },
    "400": {
      "value": "#ec407a",
      "type": "color"
    },
    "500": {
      "value": "#e91e63",
      "type": "color"
    },
    "600": {
      "value": "#d81b60",
      "type": "color"
    },
    "700": {
      "value": "#c2185b",
      "type": "color"
    },
    "800": {
      "value": "#ad1457",
      "type": "color"
    },
    "900": {
      "value": "#880e4f",
      "type": "color"
    },
    "A100": {
      "value": "#ff80ab",
      "type": "color"
    },
    "A200": {
      "value": "#ff4081",
      "type": "color"
    },
    "A400": {
      "value": "#f50057",
      "type": "color"
    },
    "A700": {
      "value": "#c51162",
      "type": "color"
    }
  },
  "deepOrange": {
    "50": {
      "value": "#fbe9e7",
      "type": "color"
    },
    "100": {
      "value": "#ffccbc",
      "type": "color"
    },
    "200": {
      "value": "#ffab91",
      "type": "color"
    },
    "300": {
      "value": "#ff8a65",
      "type": "color"
    },
    "400": {
      "value": "#ff7043",
      "type": "color"
    },
    "500": {
      "value": "#ff5722",
      "type": "color"
    },
    "600": {
      "value": "#f4511e",
      "type": "color"
    },
    "700": {
      "value": "#e64a19",
      "type": "color"
    },
    "800": {
      "value": "#d84315",
      "type": "color"
    },
    "900": {
      "value": "#bf360c",
      "type": "color"
    },
    "A100": {
      "value": "#ff9e80",
      "type": "color"
    },
    "A200": {
      "value": "#ff6e40",
      "type": "color"
    },
    "A400": {
      "value": "#ff3d00",
      "type": "color"
    },
    "A700": {
      "value": "#dd2c00",
      "type": "color"
    }
  },
  "green": {
    "50": {
      "value": "#e8f5e9",
      "type": "color"
    },
    "100": {
      "value": "#c8e6c9",
      "type": "color"
    },
    "200": {
      "value": "#a5d6a7",
      "type": "color"
    },
    "300": {
      "value": "#81c784",
      "type": "color"
    },
    "400": {
      "value": "#66bb6a",
      "type": "color"
    },
    "500": {
      "value": "#4caf50",
      "type": "color"
    },
    "600": {
      "value": "#43a047",
      "type": "color"
    },
    "700": {
      "value": "#388e3c",
      "type": "color"
    },
    "800": {
      "value": "#2e7d32",
      "type": "color"
    },
    "900": {
      "value": "#1b5e20",
      "type": "color"
    },
    "A100": {
      "value": "#b9f6ca",
      "type": "color"
    },
    "A200": {
      "value": "#69f0ae",
      "type": "color"
    },
    "A400": {
      "value": "#00e676",
      "type": "color"
    },
    "A700": {
      "value": "#00c853",
      "type": "color"
    }
  },
  "red": {
    "50": {
      "value": "#feebee",
      "type": "color"
    },
    "100": {
      "value": "#fecdd2",
      "type": "color"
    },
    "200": {
      "value": "#ef9a9a",
      "type": "color"
    },
    "300": {
      "value": "#e57373",
      "type": "color"
    },
    "400": {
      "value": "#ef5350",
      "type": "color"
    },
    "500": {
      "value": "#f44336",
      "type": "color"
    },
    "600": {
      "value": "#e53935",
      "type": "color"
    },
    "700": {
      "value": "#d32f2f",
      "type": "color"
    },
    "800": {
      "value": "#c62828",
      "type": "color"
    },
    "900": {
      "value": "#b71c1c",
      "type": "color"
    },
    "A100": {
      "value": "#ff8a80",
      "type": "color"
    },
    "A200": {
      "value": "#ff5252",
      "type": "color"
    },
    "A400": {
      "value": "#ff1744",
      "type": "color"
    },
    "A700": {
      "value": "#d50000",
      "type": "color"
    }
  },
  "lightGreen": {
    "50": {
      "value": "#f1f8e9",
      "type": "color"
    },
    "100": {
      "value": "#dcedc8",
      "type": "color"
    },
    "200": {
      "value": "#c5e1a5",
      "type": "color"
    },
    "300": {
      "value": "#aed581",
      "type": "color"
    },
    "400": {
      "value": "#8bc34a",
      "type": "color"
    },
    "500": {
      "value": "#8bc34a",
      "type": "color"
    },
    "600": {
      "value": "#7cb342",
      "type": "color"
    },
    "700": {
      "value": "#689f38",
      "type": "color"
    },
    "800": {
      "value": "#558b2f",
      "type": "color"
    },
    "900": {
      "value": "#33691e",
      "type": "color"
    },
    "A100": {
      "value": "#ccff90",
      "type": "color"
    },
    "A200": {
      "value": "#b2ff59",
      "type": "color"
    },
    "A400": {
      "value": "#76ff03",
      "type": "color"
    },
    "A700": {
      "value": "#64dd17",
      "type": "color"
    }
  },
  "purple": {
    "50": {
      "value": "#f3e5f5",
      "type": "color"
    },
    "100": {
      "value": "#e1bee7",
      "type": "color"
    },
    "200": {
      "value": "#ce93d8",
      "type": "color"
    },
    "300": {
      "value": "#ba68c8",
      "type": "color"
    },
    "400": {
      "value": "#ab47bc",
      "type": "color"
    },
    "500": {
      "value": "#9c27b0",
      "type": "color"
    },
    "600": {
      "value": "#8e24aa",
      "type": "color"
    },
    "700": {
      "value": "#7b1fa2",
      "type": "color"
    },
    "800": {
      "value": "#6a1b9a",
      "type": "color"
    },
    "900": {
      "value": "#4a148c",
      "type": "color"
    },
    "A100": {
      "value": "#ea80fc",
      "type": "color"
    },
    "A200": {
      "value": "#e040fb",
      "type": "color"
    },
    "A400": {
      "value": "#d500f9",
      "type": "color"
    },
    "A700": {
      "value": "#aa00ff",
      "type": "color"
    }
  },
  "lime": {
    "50": {
      "value": "#f9fbe7",
      "type": "color"
    },
    "100": {
      "value": "#f0f4c3",
      "type": "color"
    },
    "200": {
      "value": "#e6ee9c",
      "type": "color"
    },
    "300": {
      "value": "#dce775",
      "type": "color"
    },
    "400": {
      "value": "#d4e157",
      "type": "color"
    },
    "500": {
      "value": "#cddc39",
      "type": "color"
    },
    "600": {
      "value": "#c0ca33",
      "type": "color"
    },
    "700": {
      "value": "#afb42b",
      "type": "color"
    },
    "800": {
      "value": "#9e9d24",
      "type": "color"
    },
    "900": {
      "value": "#827717",
      "type": "color"
    },
    "A100": {
      "value": "#f4ff81",
      "type": "color"
    },
    "A200": {
      "value": "#eeff41",
      "type": "color"
    },
    "A400": {
      "value": "#c6ff00",
      "type": "color"
    },
    "A700": {
      "value": "#aeea00",
      "type": "color"
    }
  },
  "lightBlue": {
    "50": {
      "value": "#e1f5fe",
      "type": "color"
    },
    "100": {
      "value": "#b3e5fc",
      "type": "color"
    },
    "200": {
      "value": "#81d4fa",
      "type": "color"
    },
    "300": {
      "value": "#4fc3f7",
      "type": "color"
    },
    "400": {
      "value": "#29b6f6",
      "type": "color"
    },
    "500": {
      "value": "#03a9f4",
      "type": "color"
    },
    "600": {
      "value": "#039be5",
      "type": "color"
    },
    "700": {
      "value": "#0288d1",
      "type": "color"
    },
    "800": {
      "value": "#0277bd",
      "type": "color"
    },
    "900": {
      "value": "#01579b",
      "type": "color"
    },
    "A100": {
      "value": "#80d8ff",
      "type": "color"
    },
    "A200": {
      "value": "#40c4ff",
      "type": "color"
    },
    "A400": {
      "value": "#00b0ff",
      "type": "color"
    },
    "A700": {
      "value": "#0091ea",
      "type": "color"
    }
  },
  "yellow": {
    "50": {
      "value": "#fffde7",
      "type": "color"
    },
    "100": {
      "value": "#fff9c4",
      "type": "color"
    },
    "200": {
      "value": "#fff59d",
      "type": "color"
    },
    "300": {
      "value": "#fff176",
      "type": "color"
    },
    "400": {
      "value": "#ffee58",
      "type": "color"
    },
    "500": {
      "value": "#ffeb3b",
      "type": "color"
    },
    "600": {
      "value": "#fdd835",
      "type": "color"
    },
    "700": {
      "value": "#fbc02d",
      "type": "color"
    },
    "800": {
      "value": "#f9a825",
      "type": "color"
    },
    "900": {
      "value": "#f57f17",
      "type": "color"
    },
    "A100": {
      "value": "#ffff8d",
      "type": "color"
    },
    "A200": {
      "value": "#ffff00",
      "type": "color"
    },
    "A400": {
      "value": "#ffea00",
      "type": "color"
    },
    "A700": {
      "value": "#ffd600",
      "type": "color"
    }
  },
  "cyan": {
    "50": {
      "value": "#e0f7fa",
      "type": "color"
    },
    "100": {
      "value": "#b2ebf2",
      "type": "color"
    },
    "200": {
      "value": "#80deea",
      "type": "color"
    },
    "300": {
      "value": "#4dd0e1",
      "type": "color"
    },
    "400": {
      "value": "#26c6da",
      "type": "color"
    },
    "500": {
      "value": "#00bcd4",
      "type": "color"
    },
    "600": {
      "value": "#00acc1",
      "type": "color"
    },
    "700": {
      "value": "#0097a7",
      "type": "color"
    },
    "800": {
      "value": "#00838f",
      "type": "color"
    },
    "900": {
      "value": "#006064",
      "type": "color"
    },
    "A100": {
      "value": "#84ffff",
      "type": "color"
    },
    "A200": {
      "value": "#18ffff",
      "type": "color"
    },
    "A400": {
      "value": "#00e5ff",
      "type": "color"
    },
    "A700": {
      "value": "#00b8d4",
      "type": "color"
    }
  },
  "teal": {
    "50": {
      "value": "#e0f2f1",
      "type": "color"
    },
    "100": {
      "value": "#b2dfdb",
      "type": "color"
    },
    "200": {
      "value": "#80cbc4",
      "type": "color"
    },
    "300": {
      "value": "#4db6ac",
      "type": "color"
    },
    "400": {
      "value": "#26a69a",
      "type": "color"
    },
    "500": {
      "value": "#009688",
      "type": "color"
    },
    "600": {
      "value": "#00897b",
      "type": "color"
    },
    "700": {
      "value": "#00796b",
      "type": "color"
    },
    "800": {
      "value": "#00695c",
      "type": "color"
    },
    "900": {
      "value": "#004d40",
      "type": "color"
    },
    "A100": {
      "value": "#a7ffeb",
      "type": "color"
    },
    "A200": {
      "value": "#64ffda",
      "type": "color"
    },
    "A400": {
      "value": "#1de9b6",
      "type": "color"
    },
    "A700": {
      "value": "#00bfa5",
      "type": "color"
    }
  },
  "blue": {
    "50": {
      "value": "#e3f2fd",
      "type": "color"
    },
    "100": {
      "value": "#bbdefb",
      "type": "color"
    },
    "200": {
      "value": "#90caf9",
      "type": "color"
    },
    "400": {
      "value": "#42a5f5",
      "type": "color"
    },
    "500": {
      "value": "#2196F3",
      "type": "color"
    },
    "600": {
      "value": "#1e88e5",
      "type": "color"
    },
    "700": {
      "value": "#0057b2",
      "type": "color"
    },
    "800": {
      "value": "#1565c0",
      "type": "color"
    },
    "900": {
      "value": "#0d47a1",
      "type": "color"
    },
    "A100": {
      "value": "#82b1ff",
      "type": "color"
    },
    "A200": {
      "value": "#448aff",
      "type": "color"
    },
    "A400": {
      "value": "#2979ff",
      "type": "color"
    },
    "A700": {
      "value": "#2962ff",
      "type": "color"
    }
  },
  "blueGrey": {
    "50": {
      "value": "#eceff1",
      "type": "color"
    },
    "100": {
      "value": "#cfd8dc",
      "type": "color"
    },
    "200": {
      "value": "#b0bec5",
      "type": "color"
    },
    "300": {
      "value": "#90a4ae",
      "type": "color"
    },
    "400": {
      "value": "#78909c",
      "type": "color"
    },
    "500": {
      "value": "#607d8b",
      "type": "color"
    },
    "600": {
      "value": "#546e7a",
      "type": "color"
    },
    "700": {
      "value": "#455a64",
      "type": "color"
    },
    "800": {
      "value": "#37474f",
      "type": "color"
    },
    "900": {
      "value": "#263238",
      "type": "color"
    }
  }
}